{"cameraMode":{"drawMode":0,"name":"Shaded","section":"Shading Mode"},"sceneLighting":true,"audioPlay":false,"sceneViewState":{"m_AlwaysRefresh":false,"showFog":true,"showSkybox":true,"showFlares":true,"showImageEffects":true,"showParticleSystems":true,"showVisualEffectGraphs":true,"m_FxEnabled":true},"in2DMode":false,"pivot":{"x":-116.65235137939453,"y":41.286495208740237,"z":-52.81805419921875},"rotation":{"x":0.04398361220955849,"y":-0.06798091530799866,"z":0.0030001590494066478,"w":0.9967141151428223},"size":10.806841850280762,"orthographic":true}